name,group_type,filled_at,filled_day,filled_month,filled_year,is_phishing_email_1,is_phishing_email_2,is_phishing_email_3,is_phishing_email_4,is_phishing_email_5,is_phishing_email_6,is_phishing_email_7,is_phishing_email_8,is_phishing_email_9,is_phishing_email_10,response_time_email_1,response_time_email_2,response_time_email_3,response_time_email_4,response_time_email_5,response_time_email_6,response_time_email_7,response_time_email_8,response_time_email_9,response_time_email_10,confidence_level_email_1,confidence_level_email_2,confidence_level_email_3,confidence_level_email_4,confidence_level_email_5,confidence_level_email_6,confidence_level_email_7,confidence_level_email_8,confidence_level_email_9,confidence_level_email_10,helpfulness
AA,word2vec,2026-06-04 12:11:29.167706+00,4,6,2026,true,true,true,true,true,true,false,false,false,false,24201,18406,76114,43814,46413,34704,14416,59414,52902,39901,4,4,3,3,3,1,4,3,3,3,3
Abraham,lime,2026-06-08 11:00:58.786492+00,8,6,2026,false,true,true,false,true,false,false,false,false,false,13311,4301,8605,12111,6801,6501,5203,9803,9906,6907,4,4,4,4,4,4,5,5,4,4,4
Aca,word2vec,2026-06-02 15:30:48.898436+00,2,6,2026,true,true,true,true,true,true,false,false,false,false,3432,5440,5246,6351,2925,8258,6254,3530,3120,2322,5,5,5,5,5,5,5,5,5,5,5
Afi,control,2026-06-15 09:17:55.575287+00,15,6,2026,true,false,true,true,false,false,false,false,false,false,11000,6301,4201,11100,7100,3000,6700,8300,3301,3300,4,4,4,4,4,4,4,4,4,4,
Ahza,control,2026-06-08 09:41:07.937831+00,8,6,2026,true,false,false,true,true,false,false,false,false,false,15601,46501,20801,38201,15300,15701,14701,11801,42200,11901,4,2,4,3,4,5,5,4,3,5,
Aji,control,2026-06-15 09:38:11.505497+00,15,6,2026,true,true,true,false,true,true,false,true,true,false,11000,2724,13134,2018,2521,1611,6762,3123,1614,3530,4,5,3,5,3,4,5,4,3,4,
Alex,lime,2026-06-04 02:17:53.217592+00,4,6,2026,false,true,true,true,true,true,false,false,false,false,17240,37023,5752,29400,3838,14632,7873,10996,8579,40985,4,5,5,5,5,5,5,5,3,4,5
Alicee,control,2026-06-08 09:30:38.317892+00,8,6,2026,false,true,true,true,true,false,false,false,false,false,43800,29700,63200,24000,53000,9500,50501,19900,14500,14501,3,5,5,5,5,5,5,5,5,1,
almaas,word2vec,2026-06-02 14:36:31.676052+00,2,6,2026,true,true,true,true,false,false,false,false,false,false,5006,6401,22300,16913,10305,11501,10401,7511,5504,4807,5,5,4,5,3,2,5,5,5,5,2
almer aji valentino,lime,2026-06-09 13:00:29.547795+00,9,6,2026,true,true,false,false,true,false,false,false,false,false,6603,29501,15315,18604,75401,20302,26001,10200,8606,5701,5,1,4,3,3,5,5,5,2,5,5
Amel,word2vec,2026-06-02 16:07:06.48986+00,2,6,2026,true,true,false,true,false,true,false,false,false,false,10085,12204,7573,10992,13310,30746,15111,10487,9979,7370,3,4,4,5,4,3,5,5,4,5,4
Anabelle Elizabeth,lime,2026-06-05 13:16:24.262231+00,5,6,2026,true,false,true,true,true,false,false,false,false,false,9237,27024,6845,9757,2270,9962,15689,15794,5702,12252,4,2,3,4,5,3,4,4,4,4,5
Andrew,lime,2026-06-01 13:30:34.173017+00,1,6,2026,true,true,true,true,true,true,false,true,true,true,42002,7101,6903,9303,10404,20802,20405,15212,7306,11904,5,5,5,5,5,5,5,5,5,5,1
angel,word2vec,2026-06-01 14:42:09.648468+00,1,6,2026,true,true,false,true,true,true,true,true,false,true,5600,3701,2001,2516,1801,25612,2402,1002,1604,1410,3,4,2,5,5,5,5,1,5,2,3
Angel,word2vec,2026-06-03 05:34:54.530816+00,3,6,2026,false,true,true,true,false,false,false,false,false,true,7502,3101,2000,3601,4301,5800,5501,5700,4800,3401,4,5,4,5,3,3,4,4,5,5,4
Angel,word2vec,2026-06-02 14:19:48.090597+00,2,6,2026,false,true,true,true,true,false,false,false,false,false,20574,1642,1333,2580,5285,12356,1438,4348,2997,1438,4,5,4,4,3,4,5,4,4,4,4
angela,lime,2026-06-20 08:44:16.054427+00,20,6,2026,false,true,true,false,true,true,false,false,false,false,3407,11406,5003,3201,3104,10204,3815,3502,5800,2806,4,3,4,5,4,4,5,5,3,2,3
Annicka,lime,2026-06-08 18:07:15.906172+00,8,6,2026,true,true,false,true,true,false,false,false,false,false,8007,8901,7203,2715,10201,14502,14301,16004,12100,29908,5,5,5,5,5,3,5,3,4,3,4
Arsya,control,2026-06-15 10:34:15.438476+00,15,6,2026,true,true,true,true,true,true,true,true,true,true,5101,901,1500,4901,801,2300,1302,901,800,1100,4,5,4,4,5,5,4,4,5,5,
astrid,lime,2026-06-20 08:49:45.430125+00,20,6,2026,false,true,true,true,true,false,false,false,false,true,1708,2308,1608,3401,2604,1316,2710,1100,106608,5101,2,5,2,3,4,2,5,2,2,3,2
Athallah,lime,2026-06-08 11:37:19.919943+00,8,6,2026,false,true,true,true,true,true,false,false,false,false,20293,8768,4203,1921,1814,8150,1569,2032,4215,2634,4,4,5,5,5,5,5,5,4,4,4
Aya,word2vec,2026-06-02 14:56:02.637806+00,2,6,2026,false,true,true,true,true,false,false,false,false,false,4101,7500,9300,5100,6900,2100,1900,2201,3300,4100,4,4,3,3,4,3,4,4,4,4,5
B,word2vec,2026-05-29 11:43:56.52148+00,29,5,2026,false,false,false,false,false,false,false,false,false,false,4414,3015,5432,7334,6627,4625,10741,7054,5521,6231,5,5,5,5,5,5,5,5,5,5,5
Belva,control,2026-06-08 13:01:28.830993+00,8,6,2026,true,false,true,true,true,false,false,false,false,false,27832,72947,9870,14692,42729,27543,32042,31547,59347,23258,4,4,4,3,3,4,4,3,3,3,
BhreKheley,control,2026-06-05 11:04:50.816713+00,5,6,2026,true,true,true,true,true,false,false,true,false,true,10201,17200,19700,27000,17000,16600,16800,12618,20600,18801,5,5,5,5,5,4,5,1,3,3,
Briant,lime,2026-05-29 08:39:18.442707+00,29,5,2026,true,false,false,false,false,false,false,false,true,false,15887,156249,8320,5117,4125,5420,9250,17693,39346,6952,4,5,5,5,5,5,5,3,5,5,5
Briant,lime,2026-05-29 08:30:38.02429+00,29,5,2026,true,true,true,false,true,false,false,false,false,false,5842,13692,21795,53398,7093,10381,590381,11761,9334,3325,5,3,2,4,3,3,4,5,3,5,4
Briant,lime,2026-05-27 09:40:40.992+00,27,5,2026,true,true,true,true,true,true,false,false,false,false,6028,44128,48851,37718,275606,3712,52205,11951,6042,31695,5,5,4,5,4,5,4,4,3,2,4
Briant,word2vec,2026-05-29 09:07:09.822452+00,29,5,2026,false,false,false,false,true,true,false,false,false,false,10948,7730,21366,2415,4115,2012,2408,5425,1610,9137,4,3,2,4,2,3,4,4,5,5,3
ca,word2vec,2026-06-01 13:42:11.50832+00,1,6,2026,false,true,true,false,false,false,false,false,true,false,15505,43517,9541,23066,33171,22469,41337,24031,3413,16779,5,3,3,4,3,4,4,3,4,4,4
casa,word2vec,2026-06-02 16:14:38.438192+00,2,6,2026,false,true,false,true,true,true,false,false,false,false,10402,2901,5101,2001,803,1415,3508,1102,1100,1212,4,4,5,4,4,3,5,5,5,5,5
Cerwyn,lime,2026-06-20 08:11:28.293334+00,20,6,2026,false,true,true,true,true,false,false,false,false,false,24729,32633,45013,35547,11211,33466,17453,17139,36276,21924,3,4,3,3,4,3,5,5,4,5,3
Christian,lime,2026-06-06 12:57:42.204474+00,6,6,2026,true,true,true,true,true,true,false,false,false,false,12200,48900,20301,26700,11301,10500,27400,8800,24000,39101,4,4,5,5,5,5,5,5,3,4,5
christian brandon,lime,2026-06-04 02:27:18.906497+00,4,6,2026,false,true,true,true,true,true,false,false,false,false,15600,7200,2800,2300,3700,2800,4700,1900,3900,11601,5,5,5,5,5,5,5,5,5,5,5
Christian Putra Mahardika,lime,2026-06-08 09:33:09.756708+00,8,6,2026,true,true,true,false,true,false,false,false,false,false,12700,21900,28700,38800,17000,10500,16800,30501,19800,21700,4,2,1,2,3,4,5,3,4,4,2
christina,control,2026-06-08 09:04:00.081988+00,8,6,2026,true,true,false,false,true,true,false,false,false,true,14501,30901,29200,12201,9100,13601,8300,8401,12101,16400,4,5,3,4,5,4,3,4,3,3,
Christoff,control,2026-06-09 05:10:41.943418+00,9,6,2026,true,true,true,true,true,true,false,false,false,false,29056,9784,42727,11194,9072,10494,10989,9979,10679,7458,5,5,5,5,5,5,5,5,5,5,
Cinta,lime,2026-06-10 04:05:59.918849+00,10,6,2026,true,true,true,true,true,true,false,false,false,false,31301,22000,16800,23901,33100,13600,37200,5400,8500,8700,3,4,5,5,4,3,3,3,2,3,4
claa,lime,2026-06-20 10:07:48.570039+00,20,6,2026,true,true,true,true,true,true,true,false,false,false,2101,2102,1805,2501,2101,4311,5111,2005,6100,2700,1,4,5,4,5,3,3,4,3,4,3
Clara,lime,2026-06-17 14:59:17.996263+00,17,6,2026,true,true,true,false,true,true,false,false,false,false,36475,49450,94793,26771,42244,22570,28917,25323,29037,51967,4,3,4,4,5,5,5,4,4,4,4
Clarissaa,word2vec,2026-06-01 11:44:57.110794+00,1,6,2026,true,false,true,true,true,false,false,false,false,false,11626,33264,11837,9758,6218,15684,8821,8817,9235,8924,3,4,5,5,5,3,5,5,3,4,3
Conserali,word2vec,2026-06-01 12:40:33.915052+00,1,6,2026,true,true,true,true,true,true,false,false,false,false,4207,6812,2920,1708,3206,3307,19841,20735,6707,9740,5,5,5,5,5,2,3,4,4,3,3
dave,lime,2026-06-08 11:02:29.611767+00,8,6,2026,true,true,true,true,true,true,false,true,false,false,6404,1210,1206,602,506,506,2201,601,1100,803,5,3,3,3,3,3,3,3,3,3,5
der,control,2026-06-05 09:12:03.82795+00,5,6,2026,true,true,true,true,true,true,false,false,false,false,10001,16401,25404,16200,11202,24302,23807,18405,11903,14007,5,5,4,5,5,3,5,5,5,5,
destia,word2vec,2026-06-03 05:40:45.05668+00,3,6,2026,true,true,true,true,true,true,false,false,false,false,12301,3701,10838,29901,18901,21100,12359,21001,12428,13000,4,5,4,5,4,4,4,4,4,4,4
deysst,control,2026-06-15 09:25:27.393235+00,15,6,2026,true,false,false,false,true,false,false,true,true,true,4561,30244,22788,41390,29167,27961,57496,25547,18115,23530,5,2,4,5,3,5,4,4,3,1,
Dila,control,2026-06-15 10:27:03.503416+00,15,6,2026,true,true,true,true,true,true,true,true,true,true,1914,708,606,707,607,807,1112,707,709,807,5,5,4,5,4,5,4,5,4,5,
Dimas,control,2026-06-15 10:08:43.889862+00,15,6,2026,true,false,true,false,true,true,false,false,false,true,17500,53400,2401,1500,500,500,600,600,500,600,3,4,3,4,4,1,4,4,3,2,
dindaa,control,2026-06-09 08:39:11.945849+00,9,6,2026,true,false,true,true,false,false,false,true,false,false,14002,26403,37903,41203,14903,14010,24010,35214,26306,34902,4,3,3,3,1,3,3,2,3,2,
dio,word2vec,2026-06-02 13:47:24.780788+00,2,6,2026,true,true,true,true,true,true,false,false,false,false,22703,31512,4211,2306,3213,3312,6404,1503,32608,2705,4,5,4,4,4,4,4,4,4,3,4
Dira,control,2026-06-15 10:41:00.628813+00,15,6,2026,false,false,true,true,false,false,true,false,false,false,29300,18800,11500,14601,13401,3900,1300,2701,3500,9600,4,5,3,4,4,5,3,4,5,5,
Dira,control,2026-06-15 10:37:29.267909+00,15,6,2026,false,false,false,false,false,false,false,false,false,false,5902,4400,2101,1500,5700,800,1301,700,600,700,5,5,5,5,5,5,5,5,5,5,
discaa,word2vec,2026-06-02 11:06:39.467143+00,2,6,2026,false,true,true,true,true,false,false,false,false,false,23901,20700,16100,21700,20901,16001,6200,11000,8800,14401,4,4,4,4,3,3,5,4,4,4,5
Drik,control,2026-06-15 09:10:28.94427+00,15,6,2026,true,true,true,true,false,false,false,false,false,true,9724,9117,80053,9724,6132,3354,2047,6360,4936,3954,4,3,5,3,3,4,4,4,3,1,
dyah,word2vec,2026-06-02 20:14:51.735775+00,2,6,2026,true,true,false,true,true,true,false,false,false,false,10200,9200,5300,6500,9000,6800,2200,2800,3400,4401,3,4,4,5,3,3,4,4,5,4,4
ebet,word2vec,2026-06-01 11:42:12.325676+00,1,6,2026,true,true,true,true,true,true,false,false,false,false,11500,9500,5201,5700,6000,3701,3701,5301,5300,3800,3,5,4,4,4,4,4,3,4,5,1
Eiffel,lime,2026-06-05 17:44:35.989523+00,5,6,2026,true,true,true,true,true,false,false,false,true,false,5702,11700,51300,16700,26800,11200,44600,22500,12600,9500,5,3,4,5,1,5,1,1,1,1,5
elizabeth adeline,lime,2026-06-19 14:21:11.049083+00,19,6,2026,true,true,false,true,false,false,false,false,true,false,46912,13501,25910,49103,7101,6501,11400,9003,16201,110,5,5,5,5,5,5,5,5,1,4,4
ellen,control,2026-06-04 14:44:42.994823+00,4,6,2026,true,false,false,false,false,true,true,false,false,true,22953,102047,10380,6431,8197,4035,7781,2269,2892,6218,4,3,3,3,3,4,3,3,2,3,
Erc124,control,2026-06-04 08:26:33.382373+00,4,6,2026,true,true,false,true,true,false,true,true,true,true,13501,43600,37902,39001,31809,16600,8500,12200,21200,4202,4,4,4,4,4,4,4,4,4,4,
Estevan,word2vec,2026-06-02 08:45:25.299316+00,2,6,2026,true,true,true,true,true,true,true,true,true,true,6800,11700,10701,9101,1300,701,7600,900,11000,2501,4,5,4,4,4,4,4,3,4,3,4
Evigail,word2vec,2026-06-02 06:36:50.963965+00,2,6,2026,false,true,true,true,true,true,false,false,false,false,14801,7901,2714,3801,27501,6001,2701,5101,7220,11200,4,5,4,5,4,4,4,3,3,4,4
Ezekiel,lime,2026-06-09 01:22:07.456467+00,9,6,2026,true,true,true,true,true,true,false,false,false,false,7363,5698,2788,7676,1958,4140,2580,3306,4035,2268,5,5,5,5,5,5,5,5,4,4,5
Fadhla,control,2026-06-15 11:18:02.061696+00,15,6,2026,false,false,false,false,false,false,false,false,false,false,6801,1200,701,701,1400,1100,800,700,500,500,4,4,4,2,4,4,2,4,2,4,
Febri,word2vec,2026-06-03 05:45:02.066473+00,3,6,2026,true,true,true,false,true,false,false,false,false,false,15536,15752,38916,22385,38304,7851,7665,32972,16929,10185,5,5,4,3,4,5,5,4,4,5,4
Felisa,lime,2026-06-20 09:03:53.570198+00,20,6,2026,true,true,true,false,true,false,false,false,false,false,6866,7269,6667,5338,7255,3729,2622,3025,4443,3326,4,5,4,4,5,4,5,5,5,5,5
felissh,word2vec,2026-05-31 16:55:52.758472+00,31,5,2026,false,true,false,true,false,false,false,false,false,false,2401,3505,18701,9301,13804,9001,5801,4203,4501,2601,5,5,4,5,5,5,4,4,5,4,5
Fidel,control,2026-06-03 12:34:50.85095+00,3,6,2026,true,false,false,true,true,true,false,false,false,false,5200,13900,7600,10100,6100,16100,7200,7500,11300,8900,5,3,3,4,4,3,4,4,3,4,
Fifi Carmenita,word2vec,2026-06-03 04:50:29.746416+00,3,6,2026,true,true,true,true,true,true,false,false,false,false,5901,5602,6701,4000,6900,11901,4900,17002,3501,5901,5,4,4,5,5,4,3,4,4,5,5
Figo,lime,2026-06-01 13:26:05.304569+00,1,6,2026,true,true,true,true,true,false,false,false,true,false,14201,20306,2001,9605,2102,1612,2901,3900,26513,6116,4,4,5,5,4,4,5,4,3,4,4
Frederick Clarence,control,2026-06-08 09:36:39.881806+00,8,6,2026,true,true,false,true,false,false,false,false,false,false,7800,24100,46800,15000,13900,7101,8100,8501,17100,11000,4,3,2,5,4,5,4,3,4,5,
Frederick Kamsono,lime,2026-06-16 16:48:13.4537+00,16,6,2026,true,true,true,true,false,false,false,false,false,false,9007,29404,4000,7600,7714,25504,4605,4001,1513,5501,4,5,5,5,3,5,5,5,4,3,5
Gaby,lime,2026-06-08 14:54:14.255428+00,8,6,2026,true,true,true,true,false,true,false,false,false,false,25301,23599,22102,26300,43299,14101,26301,24901,21901,46700,4,5,5,4,2,4,4,3,4,3,2
Gabz,word2vec,2026-06-01 12:34:58.589773+00,1,6,2026,true,true,true,true,true,true,false,false,false,false,7601,1700,1101,700,3301,1000,13500,8800,6200,8100,3,5,5,5,5,5,2,2,2,2,5
Ganesha,lime,2026-06-19 16:30:09.404704+00,19,6,2026,true,false,true,true,true,false,false,false,false,false,6901,51801,10900,32102,8901,4101,8802,8002,16901,9800,3,3,4,5,4,5,5,5,4,4,4
Ger,control,2026-06-08 14:16:34.672248+00,8,6,2026,true,true,true,true,false,false,false,true,true,false,11812,10403,19205,14804,8513,8502,8315,22308,13101,2701,5,5,4,4,4,4,5,4,4,4,
Gerrard,lime,2026-06-19 12:59:16.740008+00,19,6,2026,true,true,false,true,false,true,false,false,false,false,16827,18389,17347,30039,30452,19217,11727,6637,9653,5696,4,5,3,4,3,4,5,4,3,4,5
Gio,word2vec,2026-06-01 12:05:08.664352+00,1,6,2026,true,true,true,true,true,true,true,false,false,false,8800,3401,3301,600,1701,1101,2400,4500,1201,800,4,5,5,5,4,5,2,4,4,4,4
gisel,lime,2026-06-20 10:30:28.6185+00,20,6,2026,true,true,true,true,false,false,false,false,false,false,7901,9400,14401,16900,15500,4901,6000,3700,8500,8401,4,5,5,3,3,5,5,4,3,3,5
hi,word2vec,2026-06-01 14:01:58.364828+00,1,6,2026,false,true,true,true,false,true,false,false,false,false,19914,8912,10504,3200,3602,1101,2802,2208,2601,2601,4,2,4,4,2,3,3,3,3,3,2
Icha Fransiska,lime,2026-06-20 10:02:07.930755+00,20,6,2026,true,true,true,true,false,true,false,false,true,false,22202,24408,23005,30809,15412,13700,5307,19116,17812,30710,4,2,2,5,4,4,5,5,2,4,2
Ivan,control,2026-06-08 15:55:46.387614+00,8,6,2026,true,true,true,true,true,false,false,false,false,false,21314,121200,20602,35315,7906,8409,12205,11601,12212,14201,3,5,5,5,5,5,5,5,5,5,
jaja,word2vec,2026-06-01 11:51:57.324514+00,1,6,2026,true,true,true,false,true,false,false,false,false,true,6400,10101,13701,8200,9801,4200,10600,23800,8901,8301,4,4,1,3,3,3,3,3,3,3,4
Jane,lime,2026-06-05 10:48:45.389417+00,5,6,2026,true,true,true,true,true,true,false,false,true,false,13201,63100,92100,30700,17501,17000,25400,54401,57900,34600,5,5,5,4,5,5,5,4,3,3,4
Jen,control,2026-06-15 09:53:01.333354+00,15,6,2026,true,true,false,true,true,true,false,false,false,false,10300,40901,14800,55000,8302,14501,12001,12301,16201,6501,4,3,4,3,4,4,4,4,4,4,
jenni,word2vec,2026-06-07 09:28:51.835567+00,7,6,2026,true,true,true,true,true,true,false,true,true,false,19603,13501,13003,8200,14001,10500,13300,17800,18400,7800,4,5,5,5,5,5,4,3,2,4,5
Jennifer Carla,control,2026-06-10 05:35:04.54922+00,10,6,2026,false,true,true,true,false,false,false,false,false,false,19161,7764,16238,15752,41044,28982,19483,23984,13605,14009,4,4,3,4,4,4,3,3,3,3,
Jesselynn,lime,2026-06-05 17:36:22.320896+00,5,6,2026,true,true,true,true,true,true,false,false,false,false,6210,4612,3812,5516,6409,5413,4103,3806,12916,5817,4,4,5,4,4,4,4,4,3,4,4
Jessi,control,2026-06-05 11:06:16.763361+00,5,6,2026,false,false,false,false,false,true,false,true,false,true,16200,29401,21500,40701,27100,7700,14104,28101,7101,6000,4,3,4,3,4,3,4,4,4,2,
John,word2vec,2026-06-02 10:38:22.62944+00,2,6,2026,true,true,true,true,true,true,false,false,false,false,3803,4900,23013,8109,6204,7203,13312,29309,26306,9311,4,5,3,5,5,5,5,5,5,5,5
Jonathan E,lime,2026-06-08 13:20:24.877227+00,8,6,2026,false,true,true,true,false,false,false,false,false,false,7200,4100,6100,5600,9701,3601,5401,5101,7700,4801,3,5,5,5,3,5,4,3,5,5,5
Jordi,word2vec,2026-06-01 11:56:33.02009+00,1,6,2026,true,true,true,true,true,false,false,false,false,false,5700,7900,6502,7200,7300,5600,6801,12901,8000,2700,4,5,4,5,5,3,5,3,3,3,4
Joy,word2vec,2026-06-03 02:36:21.015568+00,3,6,2026,true,true,true,true,false,false,false,false,false,false,11891,29735,41436,19448,14321,9159,15521,17851,11988,5535,5,5,5,4,5,5,5,5,5,5,5
justine carneggie,control,2026-06-08 13:53:19.987766+00,8,6,2026,false,true,false,true,false,false,false,false,false,false,3125,3968,1199,12710,32176,3728,13097,9117,9240,5042,4,5,5,4,4,3,5,5,5,5,
Kempip,control,2026-06-05 16:36:25.522149+00,5,6,2026,true,true,false,true,true,true,false,false,true,false,18601,9900,10900,22700,16200,50301,6300,3701,3902,7301,5,5,5,5,5,1,5,5,5,5,
Ken,word2vec,2026-06-01 15:49:11.65246+00,1,6,2026,false,true,true,true,true,false,false,false,false,false,7201,3300,4400,3300,2300,9900,3001,7801,5600,5200,4,4,4,5,5,5,5,5,5,5,5
Ken,lime,2026-06-17 12:55:02.037218+00,17,6,2026,false,true,true,true,true,true,false,false,true,false,18500,21600,22300,11100,4001,9202,1500,99646,7800,6501,4,4,3,5,3,4,4,5,3,4,4
Lavannesa,control,2026-06-05 05:21:16.945535+00,5,6,2026,true,false,false,false,true,true,false,false,false,false,12147,27229,52447,25979,5598,12668,14332,40125,26707,25982,3,2,2,1,4,3,2,2,2,3,
lexa,lime,2026-06-20 09:26:23.698239+00,20,6,2026,true,true,true,true,true,true,false,false,false,false,5800,4200,3700,6500,5701,8401,1200,2300,4800,2701,4,5,5,4,4,2,5,5,3,4,5
Lilie,control,2026-06-15 09:17:35.310966+00,15,6,2026,true,true,false,true,false,true,true,false,false,false,16200,6100,2400,1100,3200,601,601,801,1700,1001,3,4,4,3,5,4,4,4,3,5,
lly,control,2026-06-15 10:10:37.316439+00,15,6,2026,false,false,false,false,false,false,false,false,false,false,6565,4948,4832,1211,910,909,809,809,910,808,4,4,4,4,4,4,4,4,4,4,
lyn,lime,2026-06-09 23:39:51.781643+00,9,6,2026,true,true,true,true,true,true,false,false,true,true,9443,2267,13604,4349,13500,5287,1850,1541,2163,4032,3,5,4,4,3,4,3,3,3,2,4
Maria,control,2026-06-03 12:36:43.734427+00,3,6,2026,true,true,false,false,true,true,false,false,false,false,14001,36000,16401,22300,2802,15001,11701,7801,21800,8502,5,4,2,2,5,4,4,4,2,4,
Mathilda Rafaella Christy Nugroho,control,2026-06-08 14:19:21.070272+00,8,6,2026,true,true,true,false,true,true,false,false,false,false,9700,20900,19601,21800,6700,5401,7601,16100,7300,12500,4,5,2,3,4,3,5,5,5,5,
Michael,word2vec,2026-06-01 11:45:59.14484+00,1,6,2026,true,true,true,true,true,true,false,false,false,false,6902,21007,12105,2401,1512,7201,15501,11301,9711,10001,5,5,5,5,5,5,5,5,5,5,2
michellyn chelsea limicia,control,2026-06-08 10:54:40.560642+00,8,6,2026,true,true,false,true,true,false,true,true,true,true,4972,7783,8198,11213,2476,10798,606,707,605,606,4,4,5,5,5,1,1,3,2,3,
morio,lime,2026-06-08 09:27:02.928897+00,8,6,2026,true,true,true,true,true,true,false,false,false,false,23301,38600,41201,20500,16500,23001,18400,30701,28800,17800,2,5,5,3,4,1,3,4,5,5,2
Muhammad Rizki Akbar ganteng bangett,lime,2026-06-19 13:21:35.786757+00,19,6,2026,false,true,true,true,false,true,false,false,true,false,13803,5501,2901,8701,2001,3102,5401,1700,3103,4103,3,4,3,4,3,4,4,4,4,4,4
Murti,control,2026-06-15 09:57:07.597638+00,15,6,2026,false,false,false,false,false,false,false,false,false,false,3700,1501,1101,3900,60400,700,1401,2101,1800,700,4,4,4,4,4,4,4,4,4,4,
Mutiara,word2vec,2026-06-02 14:17:23.917158+00,2,6,2026,false,true,true,true,true,true,false,false,false,false,21174,5847,10496,11488,10090,13523,10590,7264,13611,6253,3,5,3,5,5,4,4,2,3,2,2
Nadhif,word2vec,2026-06-02 14:55:58.858683+00,2,6,2026,false,true,true,true,false,false,false,false,false,false,9859,6115,9770,11941,9754,7050,7053,12667,7365,13924,4,5,4,4,3,5,5,4,5,4,4
nadzla,lime,2026-06-19 13:12:39.447066+00,19,6,2026,true,true,true,true,true,true,false,false,false,true,3312,3203,8718,8716,2060,11109,3932,11524,9340,4243,5,5,5,5,5,5,5,5,5,5,5
Nanay,lime,2026-06-19 13:40:25.027365+00,19,6,2026,false,true,true,true,false,false,false,false,false,false,13081,12668,22442,12980,19530,17138,22134,34998,31492,9028,4,4,4,4,4,4,3,4,2,4,3
Nda,word2vec,2026-06-03 02:56:01.660214+00,3,6,2026,false,true,true,true,true,true,false,false,false,false,14601,3102,1600,2600,6201,3600,1701,16600,3900,3905,3,5,4,5,3,3,4,3,5,4,3
Nia,control,2026-06-15 11:44:37.351278+00,15,6,2026,false,true,true,true,true,true,false,false,false,true,41100,22500,28710,29204,27500,16305,20801,21101,21106,17100,4,4,5,4,5,5,4,4,4,1,
nicholas vincent,lime,2026-06-07 16:35:09.854696+00,7,6,2026,true,false,true,true,true,false,false,false,true,false,13309,4101,4808,3812,4103,1715,3011,3605,7310,2617,4,5,5,5,5,5,5,5,1,5,5
nisrina,word2vec,2026-06-02 14:16:36.415247+00,2,6,2026,true,true,true,true,true,true,false,true,false,false,5700,3101,3101,1704,2801,3000,3100,6000,4700,1500,4,5,5,5,5,5,4,3,4,4,4
Nisya Dwi R,word2vec,2026-06-02 09:15:03.265055+00,2,6,2026,false,true,false,true,true,false,false,false,false,false,22674,41559,29255,6147,22164,35269,9869,10784,9976,7156,3,4,4,5,2,4,5,5,4,4,4
ocean,lime,2026-06-20 06:52:02.637865+00,20,6,2026,true,true,true,true,true,true,false,false,false,false,10310,10900,7402,6514,9702,10309,4201,3908,10502,9203,4,4,4,4,5,4,4,4,3,3,3
Olvyna,word2vec,2026-06-02 06:28:28.103307+00,2,6,2026,true,true,true,true,true,false,false,false,false,false,15801,7901,5406,9801,2701,9601,4402,3300,4151,2900,3,5,5,5,5,5,5,5,5,5,3
pbarnadetha@gmail.com,control,2026-06-15 10:22:40.08664+00,15,6,2026,false,false,false,false,false,false,false,false,false,false,1200,1000,901,800,1101,1100,800,801,700,801,5,5,5,5,5,5,5,5,5,5,
Pebbi,control,2026-06-15 11:01:04.383701+00,15,6,2026,true,true,true,true,true,true,true,true,true,true,2201,2701,800,1400,900,700,700,700,800,701,3,5,4,5,3,5,4,5,3,5,
Phylicia Angelina,word2vec,2026-06-01 13:46:51.567818+00,1,6,2026,true,true,true,true,true,false,false,false,false,false,6540,27215,17456,1615,11084,5136,4527,4228,3737,2523,4,2,4,4,4,5,5,5,5,5,5
puan,word2vec,2026-06-02 11:21:51.874381+00,2,6,2026,true,true,true,false,true,false,false,false,false,true,10601,8100,21100,26301,10001,15502,9200,12801,9000,10301,4,5,1,2,2,2,3,1,3,2,3
Putrii@gmail.com,control,2026-06-15 10:25:46.996607+00,15,6,2026,true,true,true,false,true,false,true,false,true,false,10096,1323,2650,722,3608,1929,1923,722,736,506,1,4,5,5,5,4,5,4,3,4,
Qiaofeii,control,2026-06-04 08:17:43.291218+00,4,6,2026,false,true,false,false,true,false,false,false,false,false,19501,67300,36600,58700,37401,9900,24600,20500,38600,15600,4,4,4,4,4,5,5,4,4,5,
ra,lime,2026-06-20 09:46:52.519893+00,20,6,2026,false,true,true,true,true,true,false,false,false,false,18501,27201,12901,12701,11901,12500,6401,7400,47201,13302,4,4,5,4,4,4,5,5,3,4,5
Rachel,word2vec,2026-06-01 13:38:00.821854+00,1,6,2026,true,true,true,true,true,true,false,false,false,false,6400,11401,20801,14400,7601,11300,19401,12101,9100,17500,5,5,3,5,5,5,5,5,5,5,4
raisa,lime,2026-06-20 09:31:30.713684+00,20,6,2026,false,false,true,true,true,false,true,false,false,false,7266,2832,3236,7254,2837,2627,6455,6154,6857,4142,5,5,3,5,5,5,5,5,4,4,3
Rania,word2vec,2026-06-03 09:40:02.91717+00,3,6,2026,true,true,true,true,true,true,false,false,false,false,2600,1900,7600,3601,5100,13101,5200,6600,3900,4000,4,5,5,5,5,3,5,5,4,4,4
regina,word2vec,2026-06-02 03:04:45.126848+00,2,6,2026,true,true,true,true,true,false,false,false,false,false,7610,33002,41405,28616,61707,31104,22613,6312,4917,3816,5,4,3,5,5,3,4,4,4,4,5
Rendi,word2vec,2026-06-02 15:46:04.780386+00,2,6,2026,true,true,true,true,true,true,false,false,false,false,8001,7800,4201,5201,8400,3701,3100,21600,4700,2800,4,5,5,5,5,5,4,3,4,4,4
Rey,word2vec,2026-06-03 02:19:14.784937+00,3,6,2026,false,true,true,true,true,false,false,false,false,false,34108,5401,8900,1101,4600,2000,1700,2300,1800,1401,3,5,3,3,3,2,4,4,5,5,5
Rita,lime,2026-06-17 13:11:05.110176+00,17,6,2026,false,true,false,true,true,true,false,false,false,false,78801,33801,72302,68600,11901,14101,62203,62600,24303,12701,4,4,4,5,5,5,5,5,5,5,1
ruby,control,2026-06-06 10:44:01.286533+00,6,6,2026,false,true,true,true,true,false,false,false,false,false,2800,36401,16201,6600,10500,13701,15900,4700,10800,3400,4,4,4,4,4,4,4,4,4,4,
Ryan,lime,2026-06-19 14:39:08.403426+00,19,6,2026,true,true,true,true,true,false,false,false,false,false,3831,4037,6429,14853,11421,24325,19012,15998,13814,13086,5,5,5,5,5,4,5,5,5,5,2
samuel,word2vec,2026-06-02 14:10:19.749569+00,2,6,2026,true,true,false,true,false,true,false,false,false,false,8500,2506,27014,8104,13303,8907,2902,3900,3606,2203,4,5,5,5,5,5,5,4,5,5,4
Samuel,lime,2026-06-08 12:24:28.551324+00,8,6,2026,true,true,true,true,true,true,false,false,false,false,25810,54806,66109,46000,37401,26502,14101,21403,16710,35108,3,5,3,5,3,4,5,5,5,5,5
Sar,word2vec,2026-06-02 15:46:25.79145+00,2,6,2026,true,true,true,true,true,false,true,true,false,false,23501,18900,13400,16900,2000,14501,13600,6901,10300,9200,5,5,4,4,4,4,1,1,3,4,4
SC,lime,2026-06-17 15:02:04.567623+00,17,6,2026,false,true,true,true,true,false,false,false,false,false,7308,7705,12101,10503,6613,2406,4610,1901,3309,1001,5,4,2,5,5,5,5,5,5,5,4
Se,word2vec,2026-06-02 12:50:24.756271+00,2,6,2026,true,true,true,true,false,false,false,false,false,false,6200,2601,4202,2900,4100,4100,3501,1801,2600,2300,4,4,4,4,4,4,5,5,5,5,5
Selin,control,2026-06-04 13:53:30.599479+00,4,6,2026,true,true,false,true,true,true,false,false,false,false,14926,25601,40423,19013,11094,16422,22072,39117,30625,26306,4,5,4,4,5,2,5,2,2,5,
Shane S.,lime,2026-06-08 11:32:49.367289+00,8,6,2026,true,true,false,true,true,true,false,false,true,true,7200,10502,21101,9300,2401,13600,3901,5704,5501,19600,4,4,4,4,5,5,4,5,1,2,4
SR,lime,2026-06-20 07:33:31.02463+00,20,6,2026,true,true,true,false,false,false,false,false,false,false,5200,15301,16700,19800,20400,13200,14100,21901,19000,11201,4,3,4,3,4,5,5,4,3,5,4
Stella,word2vec,2026-06-02 12:03:12.416095+00,2,6,2026,true,true,true,false,true,false,false,true,true,true,4433,5953,2623,2520,4130,2312,1611,2011,7057,5146,5,5,5,5,5,5,5,5,5,1,3
sultan,lime,2026-06-08 12:14:06.463549+00,8,6,2026,true,true,true,true,false,false,false,false,false,false,5806,7002,9117,8715,6002,2302,6715,7009,5202,3215,3,3,3,4,2,2,4,4,1,2,4
Sy,control,2026-06-15 13:32:55.55564+00,15,6,2026,true,true,true,true,true,true,false,false,true,false,20000,12300,12300,23601,9000,13401,13000,26601,23600,8800,4,3,5,4,5,4,3,3,2,4,
test,control,2026-06-04 06:40:30.144623+00,4,6,2026,false,true,true,true,false,true,true,true,true,false,13101,3800,500,601,502,800,4001,900,501,1501,1,1,2,5,4,4,3,5,4,5,
VAL,control,2026-06-15 09:57:35.873846+00,15,6,2026,true,true,true,true,false,true,false,false,false,false,15900,31101,29200,32902,30900,29200,23201,28201,38702,12501,4,5,5,5,4,5,5,5,3,5,
vanda,word2vec,2026-06-02 02:34:15.198345+00,2,6,2026,true,true,true,true,true,false,false,false,false,false,3935,1918,8268,7157,6254,4646,8161,7356,5654,5447,4,5,5,5,3,3,3,4,4,4,4
Vanessa,control,2026-06-08 09:35:30.666893+00,8,6,2026,true,true,true,true,true,true,false,false,false,false,5802,17201,15001,20801,13900,14600,34001,12401,11201,10201,3,3,3,3,3,3,3,3,3,3,
vincensius,lime,2026-06-08 11:07:42.818784+00,8,6,2026,true,true,true,true,true,true,false,false,true,false,22700,4000,2101,4800,2100,10901,2800,2100,2501,2300,5,5,5,5,5,4,5,5,4,3,5
Vinny Aureliya,control,2026-06-08 09:32:41.422795+00,8,6,2026,true,true,false,true,true,false,false,true,false,false,8701,14801,17801,7502,11100,4400,9802,9000,12003,6501,4,5,4,5,5,5,3,2,4,5,
W,word2vec,2026-06-01 12:42:57.029303+00,1,6,2026,true,true,true,true,true,true,false,false,true,false,6802,6700,3900,7901,2301,2101,4501,8000,2400,4701,3,3,4,4,4,3,3,3,3,3,5
Wayne Winson Tjoe,word2vec,2026-06-01 11:56:17.926014+00,1,6,2026,true,true,true,true,true,false,false,false,false,false,8100,6801,8701,7501,3101,4300,8700,6600,5500,3901,4,4,4,2,5,4,4,3,5,5,4
WE,word2vec,2026-06-03 03:24:36.974666+00,3,6,2026,true,true,true,true,true,true,true,false,false,false,14101,3113,911,1503,1501,908,1202,12003,1112,1502,3,5,5,5,4,4,2,3,4,4,4
Wita,control,2026-06-15 11:51:30.231462+00,15,6,2026,false,true,true,true,true,true,false,false,true,true,4140,1213,1213,909,707,707,708,1012,708,1007,4,5,2,4,4,3,5,4,3,4,
WPH,control,2026-06-08 11:16:38.975768+00,8,6,2026,false,true,true,true,true,false,false,false,false,false,19606,11509,5013,19312,12207,14602,5900,11303,8307,8804,4,5,4,4,5,3,5,4,4,2,
yohana,control,2026-06-02 15:23:26.472764+00,2,6,2026,true,true,false,true,false,true,true,false,false,false,11614,8711,7004,5200,5009,3210,9905,9206,4607,4914,4,5,4,4,5,3,4,3,4,4,
Zahra,control,2026-06-02 15:20:02.501164+00,2,6,2026,true,true,true,false,true,false,false,false,true,false,11901,66202,25001,27001,13701,15101,26501,13000,35300,16600,5,4,5,3,4,4,5,4,3,5,
zzz,word2vec,2026-06-03 08:37:15.994977+00,3,6,2026,true,true,true,false,true,false,true,false,false,false,13530,6767,6664,6872,9189,11116,11825,9599,7469,7481,4,4,4,4,4,1,1,4,5,4,5